2017-11-26 09:37:13,We're proud to present the 105th #GreyCup pic.twitter.com/KyVhfB6unv
2017-11-24 15:14:54,We are proud to bring bullying prevention programs to thousands of youth each year and keep kids safe online. #BullyingAwarenessWeek pic.twitter.com/TAayhSBJeK
2017-11-24 13:41:20,Way to go! #WeAreShaw
2017-11-24 12:44:57,Everyone is looking great! #WeAreShaw
2017-11-24 10:54:21,Connect to more of what you love this holiday. pic.twitter.com/ELiQVjCAgG
2017-11-23 07:00:05,"#TBT to when Lizzie McGuire did it first because, WHY NOT? ♪ pic.twitter.com/YDgMKwasrp"
2017-11-21 08:54:04,#NoShame pic.twitter.com/E7IF136ygw
2017-11-20 11:13:49,#BlueSkyTV + #Netflix . Let the holiday binge begin. pic.twitter.com/PSG92RhDkQ
2017-11-18 11:30:02,Losing your remote is extra terrifying when it’s the #BlueSkyTV voice remote. pic.twitter.com/MPa6MVg8le
2017-11-17 14:20:12,"$8.3M! Thanks, Alberta! Since 2013, we have raised over $22.1M to support hundreds of thousands of children and youth through the #ShawClassic . pic.twitter.com/m0WiL9xgRe"
2017-11-16 07:00:03,WARNING: You might need a chill pill after watching this ‘80s inspired thriller. Watch #AtomicBlonde now on Shaw On Demand. pic.twitter.com/scyQWwW797
2017-11-15 09:25:34,Thanks for the photo I guess. pic.twitter.com/dKQGBXfiqR
2017-11-15 07:00:04,"Since his 5th birthday, outstanding youth philanthropist Haylen has raised over $18,000 for @rmhcentralab . #Shaw150wishes pic.twitter.com/7obcNZYiti"
2017-11-11 10:00:03,"Today, we proudly remember the brave men and women who sacrificed to keep Canada strong and free. #LestWeForget pic.twitter.com/zgzlF96ctR"
2017-11-09 07:00:01,"#TBT to when your music collection was easy on the ears, hard on the eyes. pic.twitter.com/BCx085lFEq"
2017-11-08 13:48:26,Kindness is worth sharing. We partnered with @redcrosscanada and #TeamShaw @CFL ambassador @andrewharris33 to talk about respect. #ShawRespectCamp pic.twitter.com/kKAk41RJ2W
2017-11-08 08:02:30,FLASH SALE. 24 HOURS. FLASH SALE. 24 HOURS. FLASH SALE. 24 HOURS. FLASH SALE. 24 HOURS. FLASH SALE. 24 HOURS. FLASH SALE. 24 HOURS. FLASH SALE. 24 HOURS. FLASH SALE. 24 HOURS. FLASH SALE. 24 HOURS. FLASH SALE. 24 HOURS. FLASH SALE. 24 HOURS. FLASH SALE. 24 HOURS. STARTS NOW. pic.twitter.com/2avnvOoytd
2017-11-08 06:00:06,"Get WideOpen Internet 150 and enjoy that sweet, sweet unlimited data. pic.twitter.com/9mEx7wHUIF"
2017-11-07 10:51:00,When you finish the last episode of your favourite #Netflix show. https:// cards.twitter.com/cards/p0r5hx/4 zroh …
2017-11-07 09:02:13,We’re proud to have been recognized as one of Canada’s Top 100 Employers for 2018. http:// bit.ly/2mjWlN1 #WeAreShaw pic.twitter.com/S9kpqroxRh
2017-11-04 13:12:03,The real reason hoodies were invented. #BlueSkyTV pic.twitter.com/DfKzm9CJNg
2017-11-03 14:30:01,. @GeorgesStPierre emerges from retirement to fight @Bisping in the Big Apple for #UFC217 . Catch a slice of the action on PPV Nov 4th. pic.twitter.com/bNr0irQJ3K
2017-11-01 23:45:05,Spoiler alert: this has spoilers. pic.twitter.com/MDvaVC0g5e
2017-10-31 15:37:59,Meaghan has led and created a multitude of programs that empower young women http:// bit.ly/2ykwqfa #Shaw150Wishes #ClaimYourPlace pic.twitter.com/k5cyci6F3N
2017-10-31 10:46:25,#Halloween #ProTrick : mummify your bestie’s phone in toilet paper... then call them. pic.twitter.com/s3ZJJ5K6Hs
2017-10-30 12:04:37,"Thanks, for helping us speak out about bullying prevention @CFL , @JohnstonHeights , @RedCrossCanada & @MannyShow84 ! #ShawRespectCamp pic.twitter.com/uJRaaYP20V"
2017-10-30 10:10:59,"All right, #TeamShaw @MannyShow84 is with us at @JohnstonHeights secondary school to talk about bullying prevention! #ShawRespectCamp pic.twitter.com/aKy5HnArgM"
2017-10-29 07:00:03,Halloween #ProTip . Avoid the smombies (smartphone zombies) by looking out for these traits: pic.twitter.com/AVpUsh4aWo
2017-10-28 09:00:05,RIP funky email addresses of our youth. pic.twitter.com/rsBpIBnwR4
2017-10-28 07:00:07,GIVEAWAY #RT for your chance to win an official @CFL @AndrewHarris33 jersey! http:// bit.ly/2gPNjdv #TeamShaw pic.twitter.com/PaFvS1It89
2017-10-27 09:26:29,Strange (but good!) things happen when #BlueSkyTV meets Netflix. #StrangerThings pic.twitter.com/duyvz2KgyM
2017-10-25 08:18:05,Ashley helps raise awareness of SIDS through Quinn’s Legacy Run in memory of her niece. http:// bit.ly/2fvfKcS #Shaw150Wishes pic.twitter.com/8b5JhRjVos
2017-10-24 18:15:00,An @mention is worth a thousand words. pic.twitter.com/T517SXd4Av
2017-10-24 09:00:04,Stop monkeying around with the remote and watch #WarforthePlanet of the Apes. Now on Shaw On Demand. pic.twitter.com/ZFZKHUNqFQ
2017-10-23 09:22:06,Sandra's PACE Musical Theatre Program provides a place onstage for every student. http:// bit.ly/2fgAmso #Shaw150Wishes #ClaimYourPlace pic.twitter.com/S1YOvHqdIb
2017-10-21 07:00:03,There’s still time to catch up! Watch #StrangerThings on #Netflix — now on #BlueSkyTV . pic.twitter.com/RbRq5cABh3
2017-10-20 07:25:04,"Friendship level: emoji, emoticon, or old school punctuation? pic.twitter.com/t10zcYlaEl"
2017-10-18 09:00:04,It's hard being an emoji sometimes. pic.twitter.com/UFUE2Fw7Fa
2017-10-17 13:58:52,Download the #MyShawApp and check your usage in less time than it takes to read this sentence. Learn More: http:// bit.ly/MyShawApp pic.twitter.com/A1s9xzFg6R
2017-10-17 09:00:03,"Spider-Man, Spider-Man, does whatever an awkward teen can. Watch Spider-Man: Homecoming on Shaw On Demand. pic.twitter.com/x2sd0hCbxO"
2017-10-16 14:49:25,Cheryl has raised over $615K to ensure that children have quality childcare. http:// bit.ly/2hddzuC #Shaw150Wishes #ClaimYourPlace pic.twitter.com/oUnKZ6jVJV
2017-10-13 15:03:05,Say it ain't so! pic.twitter.com/gdG5EenCZk
2017-10-12 07:55:06,Fun Fact: Dollz with a “z” were so much cooler than Dolls with an “s.” #TBT pic.twitter.com/9T0drDmzpf
2017-10-11 11:30:06,The real reason hoodies were invented. pic.twitter.com/7iOsEcnA6I
2017-10-11 07:51:12,Here's to staying as full as your inbox. pic.twitter.com/0eVGMU4kw5
2017-10-10 13:54:23,Sarah encourages girls to build leadership skills to work for change. http:// bit.ly/2ykZfbi #Shaw150Wishes #ClaimYourPlace pic.twitter.com/2b2gcK2ep7
2017-10-06 08:25:35,Download the #MyShawApp and check your usage in less time than it takes to read this sentence. http:// bit.ly/MyShawApp pic.twitter.com/XteGKg02PX
2017-10-03 09:16:31,RT to enter to win a knockout #WonderWoman swag bundle from @WBPicturesCan . http:// bit.ly/2xhfZ4R pic.twitter.com/0yTImru6tS
2017-10-02 11:35:34,Help us share the thanks Canada. For every retweet we'll donate $1 to children's charities across the country. pic.twitter.com/wHZ8UY8SLQ
2017-10-02 09:54:57,"#Netflix + #BlueSkyTV : All your entertainment, now in one place. http:// bit.ly/2pHVR8y pic.twitter.com/7RERIv4XI5"
2017-09-29 15:50:01,"Sincerely, The Best. pic.twitter.com/xbF03CZIrE"
2017-09-29 13:15:54,Thanks @CSSE for presenting us with the Best Overall Award for promoting workplace safety during @NAOSHWeek . #WeAreShaw pic.twitter.com/FVpVbJNpIL
2017-09-29 09:42:27,Win a limited edition signed golf polo from #TeamShaw @AHadwinGolf by tagging your golfing buddies in the comments. http:// bit.ly/2xOEpTX pic.twitter.com/PQRqRtkfcM
2017-09-27 13:22:41,Joe Roberts' 517-day journey pushing a shopping cart across Canada ends this Friday. Watch his story: http:// bit.ly/2wkVpO4 #Shaw150wishes pic.twitter.com/Cc8sElCaf2
2017-09-27 08:00:04,Taking a great fall pic is harder than it looks. #DIY pic.twitter.com/OBZ9ELp8OX
2017-09-26 19:08:04,Don’t get decepticonned into missing Transformers: The Last Knight (Digital) on Shaw On Demand. pic.twitter.com/SSt5zMLNop
2017-09-26 08:31:09,Name 2 friends who are your hero using #MyHeroShaw to enter to win a swag bundle from @WBPicturesCan . http:// bit.ly/2xhfZ4R #WonderWoman pic.twitter.com/77XEoOCrof
2017-09-25 20:02:01,One did not simply choose a messenger icon at random. pic.twitter.com/qjRiKRvpEU
2017-09-22 19:02:06,When you’re watching a movie and realize it’s filmed in your hometown. pic.twitter.com/JJdxd1bzJ5
2017-09-21 11:45:03,"Introducing the #MyShawApp . Check your bill, see your data at a glance and manage your account from any device. http:// bit.ly/MyShawApp pic.twitter.com/05BhQcGhRP"
2017-09-21 08:22:06,"Let’s face it, it’s not officially fall until #PSL is trending. pic.twitter.com/6BU0PAF3ky"
2017-09-20 19:30:06,Ever notice smartphone cameras kinda killed UFO sightings? pic.twitter.com/tuWubuwjLj
2017-09-20 08:31:18,Enjoy!
2017-09-20 08:30:51,We are glad you are enjoying it! #BlueSkyTV
2017-09-19 13:22:46,Employees volunteered with @ChildrensWishAB as part of their fundraising for the Bromont 160 km race. http:// bit.ly/2xbDsVx #WeAreShaw pic.twitter.com/cty56OWKKC
2017-09-19 08:47:06,You won’t need the Lasso of Truth to admit #WonderWoman is a great movie. Catch it now on Shaw On Demand. pic.twitter.com/WxDdtKe10H
2017-09-19 08:27:00,Who is your favourite #WonderWoman character? Tell us and enter to win a swag bundle from @WBPicturesCan . http:// bit.ly/2xhfZ4R pic.twitter.com/IIz8KikchT
2017-09-15 11:04:51,#ShawGoWiFi at #MobiShawGo stations across #YVR will now allow residents & visitors to connect to WiFi in more places than ever before. pic.twitter.com/1zWDyc9Szq
2017-09-15 07:46:48,Enjoy #BlueSkyTV ! https:// twitter.com/kelsey_bar/sta tus/908569006675599360 …
2017-09-14 13:56:06,Thanks to #MobiShawGo for sharing some bikes with our #ShawBusiness team in #YVR to explore Stanley Park. #WeAreShaw pic.twitter.com/d68J14bCAa
2017-09-14 12:59:33,We’re helping #MobiShawGo riders stay even more connected by providing complimentary #ShawGoWiFi at over 35 stations. #YVR pic.twitter.com/TW2ChpVKVe
2017-09-14 12:13:49,Enjoy!
2017-09-14 10:27:01,Shaw makes binge-watching easier than ever with #Netflix on #BlueSkyTV . Learn More: http:// bit.ly/2x36VP5 pic.twitter.com/wXwOFxLQEP
2017-09-14 08:05:04,#TBT : You could listen just fine as long as you didn’t... you know…dance. pic.twitter.com/y7XxhvI6mo
2017-09-13 16:05:06,Parents: thinking every system is called “Nintendo” since 1985. pic.twitter.com/sSbyuyKUIn
2017-09-13 09:23:39,Easily check your account balance and send payments. http:// bit.ly/MyShawApp #MyShawApp pic.twitter.com/Z2xxYGARre
2017-09-11 15:58:16,"#ProTip : On your birthday, take time to bask in all your notification glory. pic.twitter.com/whlrip1HKU"
2017-09-11 13:44:09,"Congrats @wpg_goldeyes on 59 home runs and $5,900 raised for @KidSportWpg this season. Home Runs for Kids will continue through playoffs! pic.twitter.com/ysjTbwcGys"
2017-09-08 15:30:02,If only life had a search function. pic.twitter.com/Qcsy6YnxfM
2017-09-07 11:50:06,#TBT : With great power comes great responsibility. pic.twitter.com/YsezAPtFvY
2017-09-07 08:28:04,We are glad you enjoyed it - happy tweeting! #WeAreShaw
2017-09-07 08:19:54,Huge thanks for a thought-provoking presentation on new trends from @JVBerg and @Megan_Foley with @TwitterCanada yesterday. #WeAreShaw pic.twitter.com/qe5w0XffuF
2017-09-06 19:28:04,"We all have it - the drawer where old phones go in, but never come out. pic.twitter.com/0zl2UeD5EG"
2017-09-04 11:45:06,"Don't feel bad, doing work was so three days ago. #LongWeekend pic.twitter.com/VJITo4AjC7"
2017-09-01 08:50:06,"Click ‘ShawGo’ in your device network settings for free access to #ShawGoWiFi in #YYC from Sept. 1 to 4, to celebrate #YYCPride pic.twitter.com/V2eqs2HteN"
2017-08-31 07:46:09,Download the app and check your usage in less time than it takes to read this sentence. http:// bit.ly/MyShawApp #MyShawApp pic.twitter.com/JxbXcmktb1
2017-08-26 15:41:05,The Alex CFC uses good food to build community & skills for youth like Tyler and Mikayla: http:// bit.ly/2g5R5i5 @goodfoodyyc #ShawClassic pic.twitter.com/vVEVcxI8dw
2017-08-26 13:32:03,Be the emoji you want to see in the world. #WomensEqualityDay pic.twitter.com/PsbWKuUKBm
2017-08-24 19:25:03,Boxing & MMA worlds collide in the fight no one believed was possible. Watch 8/26 9p ET on PPV. http:// bit.ly/1YRCGoY #MayweatherMcGregor pic.twitter.com/bkdOflICDR
2017-08-24 15:51:39,"Our team made the community of Ramsay a little greener by working together to plant, water, and wire 76 trees. #WeAreShaw pic.twitter.com/1m5dFNOYiU"
2017-08-24 11:45:03,#TBT to when the only password you needed to remember was your locker combo. pic.twitter.com/6rgccTz63u
2017-08-24 09:05:14,#TBT to where the word ‘hangry’ was born. pic.twitter.com/TJvToINJRK
2017-08-23 11:39:32,When you forget your phone and come across something Instagram worthy. pic.twitter.com/PmnT347ejy
2017-08-22 13:06:52,"Space ships and a sweet '80s mixtape, need we say more? Watch Guardians of the Galaxy Vol 2 on Shaw On Demand. pic.twitter.com/yJH8Csb2ML"
2017-08-22 09:00:06,"Outstanding Canadian Mary created @RootsofEmpathy , a program that has reached 800K kids. http:// bit.ly/2i2RcLX #Shaw150Wishes pic.twitter.com/4WUkkXc89V"
2017-08-19 11:45:03,Floyd Mayweather’s 50th bout will be notoriously unlike the others. #MayweatherMcGregor 8/26 9p ET LIVE on PPV. http:// bit.ly/1YRCGoY pic.twitter.com/yFSmMEmrpn
2017-08-18 15:15:04,@CalgaryPolice Foundation helps youth like Phillip reach their full potential - see his story here: http:// bit.ly/2i5FccE #ShawClassic pic.twitter.com/m59nSPWvqk
2017-08-18 09:22:33,Introducing the My Shaw app. Convenience has a new name. http:// bit.ly/MyShawApp pic.twitter.com/RfwVXEs40o
2017-08-17 13:57:28,"Outstanding Canadian Brennan, at age 19, is a social activist and the founder of @pfc_global . http:// bit.ly/2uYzef6 #Shaw150Wishes pic.twitter.com/6SDKKY8nxZ"
2017-08-16 11:03:18,Vote for your favourite cartoon from @StartoonCA to see them in the finale. Learn more at http://www. startoon.ca . https:// twitter.com/StartoonCA/sta tus/897818755375476736 …
2017-08-16 08:20:03,Happy National Tell a (bad) Joke Day. pic.twitter.com/kVsIWGCvfd
2017-08-15 19:30:06,You'll be rolling on unlimited data. pic.twitter.com/w7cfWKZ4u6
2017-08-15 13:25:43,"Thanks to everyone who used our Snapchat filter at the @2017CanadaGames and helped us raise $25,000 for @KidsportMB . #JCG2017 pic.twitter.com/bvCNXvEX7T"
2017-08-15 11:42:54,"With 42 home runs so far this season at Shaw Park, the @wpg_goldeyes have raised $4,200 for @KidSportWPG through our Home Runs for Kids! pic.twitter.com/RFV1cbQL3D"
2017-08-15 08:03:40,Great photos!
2017-08-14 19:06:02,Summer #ProTip : Close blinds to avoid TV glare. pic.twitter.com/qaYrZC1GN0
2017-08-13 09:00:08,It’s National Left-Handers Day. Here’s a shout-out to all the southpaws. #LeftHandersDay pic.twitter.com/Dd1YzMtODO
2017-08-10 11:30:05,#TBT to the worst-kept “secret” in video games. pic.twitter.com/afnaf9Henc
2017-08-09 11:45:06,"Hold on to your devices, folks. pic.twitter.com/bHaJ33FezB"
2017-08-08 11:45:03,Surf wave after wave after wave after wave of data. pic.twitter.com/8XIRi7lOcZ
2017-08-06 23:55:02,This emoji will be in high demand with sisters today. #SistersDay pic.twitter.com/zGiSvR6mrq
2017-08-06 08:00:13,Love wins. #MyPride #VanPride pic.twitter.com/sNZl8MmZZP
2017-08-04 17:00:06,"Sounds great, but you could probably fit another nap in there somewhere. #LongWeekend pic.twitter.com/vxU9zu0yxU"
2017-08-04 15:30:37,Our team supported over 1000 wildfire evacuees near Kamloops by serving hot meals and setting up a #ShawGoWiFi Hotspot. #WeAreShaw pic.twitter.com/BsU0CQV0wR
2017-08-04 11:45:15,"Surf an endless wave of data. Shaw WideOpen Internet 150, now with unlimited data. pic.twitter.com/LikXfy64iV"
2017-08-03 19:30:05,Surf an endless wave of data. pic.twitter.com/h3DlsaKRkQ
2017-08-03 14:21:09,At the @2017CanadaGames ? Use our Snapchat filter and we will donate to @KidSportMb . #JCG2017 pic.twitter.com/DJOidO015k
2017-08-03 10:36:35,We are proud to partner with @PathwaysCanada to give over 900 students and their families a graduation worth celebrating. #Shaw150Wishes pic.twitter.com/AEw11CLegN
2017-08-01 14:47:36,Maybe also try switching them. pic.twitter.com/0C1w2sGnYF
2017-08-01 13:19:49,Thousands of #YYC golfers to play for charity with Make Your Mark Day on Sunday August 6. http:// bit.ly/2w3FHXK #MYMD17 pic.twitter.com/8alCcCRge3
2017-07-31 14:23:30,Click ‘ShawGo’ in your network settings for free access to #ShawGoWiFi in Winnipeg from July 21 - Aug. 21 to celebrate the @2017CanadaGames . pic.twitter.com/G3W2BuDIkU
2017-07-31 08:00:19,Thanks for the support!
2017-07-28 15:08:07,We are proud to sponsor the @2017CanadaGames in Winnipeg. #JCG2017 pic.twitter.com/ABlx09LcrA
2017-07-28 10:45:04,Outstanding Canadian & Paralympic gold medalist Brad is an inspiration both on and off the ice http:// bit.ly/2ufKhns #Shaw150wishes pic.twitter.com/pgL9COnJSV
2017-07-27 11:15:35,"#TBT to a 12 year old battle cry. (Yep, you've been shouting it for that long.) pic.twitter.com/vPhD4Gx4dP"
2017-07-26 12:18:14,Even fidget spinners are getting sick of fidget spinners. pic.twitter.com/LI4iUFkcXa
2017-07-25 11:45:08,"Our employees volunteered at @KidsCancerCare Camp Kindle, where they served up a delicious BBQ and ice cream to campers. #WeAreShaw pic.twitter.com/7ALQEffbmS"
2017-07-24 15:33:59,"Outstanding Canadian Elsie pulled through bullying, depression and anxiety to create the #NTFTTour . http:// bit.ly/2snB1c2 #Shaw150wishes pic.twitter.com/FuvoOIm8FZ"
2017-07-24 10:39:30,Post them and show them off to the world. pic.twitter.com/ewoah9fGBW
2017-07-21 12:46:17,"Way to go, Joe!"
2017-07-21 11:23:02,Not looking at the camera is the new looking at the camera. pic.twitter.com/4PqdkO8I0X
2017-07-21 08:04:32,"Outstanding Canadian, Julie Hamilton, turned incredible tragedy into an inspiring legacy. http:// bit.ly/2gQ7jw7 #Shaw150Wishes pic.twitter.com/DQXIyGe2a7"
2017-07-20 09:30:14,"We be punning all day and knight. Happy #InternationalChessDay , everyone! pic.twitter.com/BeSRQekwQh"
2017-07-20 07:27:08,Enjoy #BlueSkyTV !
2017-07-19 13:59:18,"Thanks to everyone that took a ride on @mobi_bikes for #Canada150 , we raised $13,159 for @RMHBC . http:// bit.ly/2u00vky pic.twitter.com/jzdYJmytP1"
2017-07-19 12:37:39,"When you share something, but your friend steals it and gets more likes. pic.twitter.com/BLY3PpAgxQ"
2017-07-17 11:45:06,Watch these adorable kids discover the magic of voice-powered #BlueSkyTV . http:// bit.ly/2vmi7nI pic.twitter.com/LlNvnSgq4B
2017-07-12 13:33:08,"Our thoughts are with everyone impacted by the #BCWildfire . To support relief efforts, we’re donating $25,000 to @redcrosscanada . pic.twitter.com/mNY5T3LRt6"
2017-07-10 10:43:49,"Outstanding Canadian, Tysen, is over halfway to his goal of $1 million for @MakeAWishEO . http:// bit.ly/2uOu5Xj #Shaw150wishes pic.twitter.com/zSKIdfcCLy"
2017-07-07 19:24:55,"#ShawGoWifi avail for residents in the Cariboo/Prince George/Williams Lake/Quesnel/100 Mile House area, http:// bit.ly/2tSnez6 for info"
2017-07-05 13:18:50,"Adrian launched @generationsfndn which provides meals for over 8,500 children in 110 schools. http:// bit.ly/2sqdzQn #Shaw150Wishes pic.twitter.com/iLnif76vIM"
2017-07-02 10:12:09,Daniel founded an organization that provides support to families experiencing the loss of a loved one http:// bit.ly/2saymDi #Shaw150Wishes pic.twitter.com/5wv3MVQf5G
2017-06-30 13:37:47,"At 7 years old, Haylen has already raised over $14,000 for @RMHCentralAB through his ice cream stand. http:// bit.ly/2usyZJj #Shaw150Wishes pic.twitter.com/J3F1HOJztz"
2017-06-29 15:20:11,We’re teaming up with @mobi_bikes to donate $1 to @RMHBC for every ride taken for #Canada150 . http:// bit.ly/2tuS2pU #Shaw150Wishes pic.twitter.com/NCfnJXDbiN
2017-06-29 13:52:34,Glori Meldrum’s foundation @LittleWarriors has educated thousands to help prevent child sexual abuse. http:// bit.ly/2thLgmC #Shaw150Wishes pic.twitter.com/nQJUVN0GTS
2017-06-29 11:08:21,Brandon is dedicated to helping inner-city youth – just like @PathwaysCanada helped him. http:// bit.ly/2toYYV6 #Shaw150Wishes pic.twitter.com/5Hl1FkSw3W
2017-06-28 15:11:03,Outstanding Canadian Sutton Garner founded @ICan4Kids at just 11 years old! #Shaw150wishes http:// bit.ly/2sS89wb pic.twitter.com/TN2YfZZFkT
2017-06-28 11:02:10,We are proud to be recognized as one of #Interbrand150 most iconic Canadian brands. http:// bit.ly/2sn5XZT pic.twitter.com/UEvyi5VkWy
2017-06-28 09:48:55,Outstanding Canadian Joe Roberts is pushing a shopping cart across Canada to raise awareness of youth homelessness. http:// bit.ly/2silAqF pic.twitter.com/M7B0w7NIBW
2017-06-27 16:15:05,"Meet our Outstanding Canadian @IbrahimMusaOTT , founder of @CutsForKidsOTT . http:// bit.ly/2seERcz #Shaw150Wishes pic.twitter.com/yjybkR9ehf"
2017-06-27 14:15:05,"Shaw Communications to grant $75,000 to 50 Outstanding Canadians to celebrate #Canada150 http:// bit.ly/2seAo9D #Shaw150Wishes pic.twitter.com/0NtsWZgpP3"
2017-06-26 18:41:22,That's great to hear! :) ^DH
2017-06-26 11:05:07,Happy Birthday from around the world. Why do you love Canada? #Canada150 pic.twitter.com/sZFNqlFjZu
2017-06-26 10:55:07,"We’ve opened up our Shaw Go WiFi Guest Access across all 80,000 hotspots so you can stay connected for #Canada150 . #Shaw150Wishes . pic.twitter.com/7X6vlHakGo"
2017-06-26 07:50:02,Enjoy #BlueSkyTV !
2017-06-23 09:49:18,"Hmm, first time I've of iPad version. Scammers are getting clever. Might just be popup generated by website you went to."
2017-06-23 09:46:18,Hi Raenell. Definitely not legit. It sees your IP is from Shaw and will end with needing credit card. Check computer for malware.
2017-06-23 08:09:03,"Should I be relaxed or very, VERY scared? pic.twitter.com/nUgkeFvwLU"
2017-06-22 12:56:11,"When starting a new venture, brand awareness is crucial. Learn how @mobi_bikes was able to reach the right audience. pic.twitter.com/ooLTVDryqy"
2017-06-22 08:45:45,"When you have to keep smiling and smiling (and smiling) for someone to get the ""perfect"" photo. pic.twitter.com/Tqr08JauCe"
2017-06-20 12:53:08,Let’s call it what it is. Happy #WorldWiFiDay ! pic.twitter.com/JikOAEQkEg
2017-06-17 16:45:03,"Your best Shaw experience awaits with access to My Account, #FreeRangeTV , Shaw Go WiFi and more. https:// register.shaw.ca / pic.twitter.com/0R3Lt9LaHU"
2017-06-16 10:22:03,Who says people are less polite now? pic.twitter.com/B01SrXrPB8
2017-06-15 08:21:02,#TBT to the reason you were always tired at school the next day. pic.twitter.com/faV5ECv7Mw
2017-06-14 14:39:01,With #BlueSkyTV it’s great to have easy access to the score. Unless your team was robbed of their winning streak. Sorry about that @BretHart pic.twitter.com/K1G7rAvW2A
2017-06-13 10:51:20,Enjoy #BlueSkyTV !
2017-06-13 08:15:21,There's one in every group. pic.twitter.com/wCkMHLFd6u
2017-06-13 07:44:28,Shaw Communications Inc. significantly enhances its wireless network capabilities. http:// bit.ly/2swxyMy
2017-06-12 15:35:31,We had a great time at the Kids Helping Kids Jr. Golf Classic in support of the Alberta Children’s Hospital Foundation. pic.twitter.com/mKEYR7IpYC
2017-06-12 12:00:07,"Your best Shaw experience awaits with access to My Account, #FreeRangeTV , Shaw Go WiFi and more. https:// register.shaw.ca / pic.twitter.com/enbWxqsgmm"
2017-06-12 11:30:05,How far can our #BlueSkyTV voice remote go? Tech reviewer @mattmoniz is here to find out. pic.twitter.com/MbB9J4BwKl
2017-06-09 14:10:11,Looks yummy! #WeAreShaw
2017-06-09 14:09:43,We had a great time shaking and moving at #SharingDance Day in Winnipeg! #Canada150 #Shaw150Wishes pic.twitter.com/U0O9eoHnr7
2017-06-09 08:51:19,Thanks to our employees for taking donation pledges during @BCCHF #MiracleWeekend . http:// bit.ly/2sKL1Od #Shaw150Wishes #WeAreShaw pic.twitter.com/e3y5RT9ACB
2017-06-07 10:47:02,It's always a little sad when a season ends. Try not to make it even worse. #ProTip pic.twitter.com/GoeNPYcy7W
2017-06-06 13:50:13,We are glad you are enjoying #BlueSkyTV !
2017-06-05 14:42:02,Festival season means listening to your favourite band before they’re your favourite band. pic.twitter.com/bu8QVfVSf5
2017-06-01 13:59:39,#TBT to when rush hour included aliens. pic.twitter.com/XeNery0Kau
2017-05-30 15:31:10,We're partnering with @ClassroomChamps to provide students with a unique mentorship experience from professional athletes. #Shaw150Wishes pic.twitter.com/YriJFF29xG
2017-05-30 14:34:01,Ok ... we think that’s all the ways to say “ok”. pic.twitter.com/okNpdmuSkV
2017-05-29 15:12:01,Stop scrolling and start watching with new voice-powered #BlueSkyTV . pic.twitter.com/y7UURHbTD4
2017-05-26 10:54:16,We are bringing stories of our mosaic to a #Kidsfest near you as part of our #Shaw150wishes . http:// shaw.ca/canada150 pic.twitter.com/E2vW1zYvXD
2017-05-25 15:13:49,We had a great time volunteering at the @ClassroomChamps Better Together Celebration this week. #WeAreShaw pic.twitter.com/VkglTKj8ML
2017-05-25 08:32:09,#TBT to the first time you lost everything that was ever important to you. pic.twitter.com/vVD2jb6CFZ
2017-05-25 08:19:18,We are glad you are enjoying #BlueSkyTV ! What's your favourite feature?
2017-05-24 14:59:49,There must be some seriously good schools in emojiland. pic.twitter.com/dBGLo2ORKh
2017-05-24 12:59:01,Stay in and watch #GetOut on Shaw On Demand. pic.twitter.com/qdDjSCMACh
2017-05-23 11:45:06,We are granting 150 birthday wishes to honour extraordinary people and organizations making Canada a better place for kids. #Shaw150Wishes pic.twitter.com/gtBzUNneHT
2017-05-23 08:04:18,We're glad you're enjoying #BlueSkyTV !
2017-05-23 08:03:22,We're glad you are enjoying #FreeRangeTV !
2017-05-19 11:13:10,Play it safe and send a :) pic.twitter.com/lC9bHYSsq2
2017-05-18 13:20:32,They were supposed to be like financial magic beans. #TBT pic.twitter.com/nPLHp3lIlu
2017-05-17 10:55:39,Spring is finally here @TheAlexCHC ! #WeAreShaw pic.twitter.com/9g56KKFavh
2017-05-16 11:02:16,Because agreeing on a movie is tough enough. pic.twitter.com/nErTIOtwjK
2017-05-12 11:40:39,Kick back and watch #UFC 211 on PPV on Saturday May 13. pic.twitter.com/gKOBHBEdL6
2017-05-11 15:06:44,#TBT to the easiest way to lose friends. pic.twitter.com/0qP4YPzZRJ
2017-05-10 11:37:14,"Finally, your pinky has found its purpose. pic.twitter.com/hEiIXFXFu7"
2017-05-09 21:33:23,Set your mood lighting 50% darker. Watch Fifty Shades Darker on Shaw On Demand. pic.twitter.com/gWPJnJjiYH
2017-05-09 18:45:06,Real-time scores. Real fast. #BlueSkyTV pic.twitter.com/yBBriPG4D2
2017-05-09 15:11:38,"Our hearts are with those impacted by the floods. To support, we’re donating $25,000 to match our employees’ donations to @redcrosscanada"
2017-05-08 13:02:02,"Thankfully, Twitter isn't as judge-y as Netflix. pic.twitter.com/i9lYppgfEh"
2017-05-07 11:25:05,Need to change the channel fast? Just say the word. #BlueSkyTV pic.twitter.com/4RvY3BTeAm
2017-05-05 10:43:31,"When the WiFi is free, but you’ve been using your data the whole time. pic.twitter.com/Thl2H2SAZw"
2017-05-04 09:17:03,#TBT to waiting for your favourite song to come on the radio... pic.twitter.com/58uH391jxY
2017-05-04 08:08:22,#BlueSkyTV helps wrestling Hall of Famer @BretHart take a trip down memory lane. Catch more of The Simpsons Sundays on @Global_TV . pic.twitter.com/u9eiJZABnJ
2017-05-03 11:45:03,Well hellooo voice-powered TV. http:// bit.ly/shawblueskytv #BlueSkyTV pic.twitter.com/eAbtT4YTvw
2017-04-28 11:56:02,It's okay if your dog has more followers than you. pic.twitter.com/90TiIZLVhm
2017-04-28 10:05:04,We’re celebrating #NationalVolunteerWeek by granting a birthday wish to support Kids Cancer Care & 300 outstanding volunteers #Shaw150wishes pic.twitter.com/ugiYLx7Eve
2017-04-27 16:41:08,We've restored Internet and Phone services after brief outage. http:// newsroom.shaw.ca/materialDetail .aspx?MaterialID=6442451976 …
2017-04-27 12:38:31,We’re excited to be working with @Bullfrogpower and partners in helping to support green energy #sustainability https:// twitter.com/bullfrogpower/ status/857659807754584064 …
2017-04-21 10:42:02,We’re celebrating #Canada150 by supporting our 150th @EarthRangers School Assembly program coming to classrooms this fall. #Shaw150wishes pic.twitter.com/a080guxmTk
2017-04-19 13:07:02,Going from winter to spring feels a lot like going from black and white TV to colour. pic.twitter.com/NgJ935dX0Z
2017-04-19 08:16:53,There’s no splitting hairs — this film is terrifying. Watch #Split now on Shaw On Demand. If you can. pic.twitter.com/yYtZER1rie
2017-04-18 09:53:54,We're glad you are enjoying #BlueSkyTV ! https:// twitter.com/LivingBoldlyca /status/853826133913161728 …
2017-04-13 11:45:03,#TBT to when the coolest thing about your phone was what was inside of it. pic.twitter.com/9JSWxGX4Lq
2017-04-12 22:57:29,We can look into that with you if you would follow and DM @shawhelp ^JB
2017-04-12 11:15:02,Coincidence? We think not. pic.twitter.com/2dsQVJ6T2Y
2017-04-11 11:15:06,This true story will send your mind soaring. Watch #HiddenFigures now on Shaw On Demand. pic.twitter.com/JhKB4gPTz0
2017-04-10 20:12:57,Strange! D: Generally it would be something in the browser that does this. If you log in via a different browser does the same thing occur?
2017-04-10 20:07:16,"Hey Jeff! That's actually a setting in your browser, you must have at one point told the browser to remember the password. ;) ^BE"
2017-04-10 18:31:36,Always reach out to us on @shawhelp if you ever need quick assistance with your services. Enjoy your Shaw services. ^PP pic.twitter.com/qubnEMkEVn
2017-04-10 14:34:07,SmartWiFi 150 isn’t just great for business. It was made for it. Grow your business with SmartWiFi 150 visit: http:// shawbusiness.ca/Smart150 pic.twitter.com/untIlXEnSE
2017-04-10 11:15:03,Emoji Theatre Presents: A Bedtime Story pic.twitter.com/NK0kJ49LDK
2017-04-10 09:48:34,Enjoy #BlueSkyTV !
2017-04-09 12:08:13,Here's some tips/tricks for you to try: http:// bit.ly/SlowIntTS ^Ken
2017-04-09 08:54:41,"Hey Mandeep, do you experience slow speeds over direct ethernet connections as well? ^TD"
2017-04-07 13:33:03,We’re partnering with the @Indspire Youth Laureates Cross Canada Tour to inspire & motivate youth across Canada to dream big. #Shaw150Wishes pic.twitter.com/nQvIrbnJlv
2017-04-06 10:58:54,We are glad you are enjoying it! What's your favourite feature? #BlueSkyTV https:// twitter.com/chrisduncan3/s tatus/850024615040622596 …
2017-04-05 12:39:05,Looks magical! #BlueSkyTV
2017-04-05 09:02:03,"Say it to believe it, Canada. Shaw customers across Western Canada can now experience the magic of Shaw #BlueSkyTV . pic.twitter.com/1D4OE7DOMD"
2017-04-04 17:35:03,"Network security is no longer just for big business. Introducing SmartSecurity, designed specifically for small and medium businesses. pic.twitter.com/F9W8kl6QrI"
2017-04-04 12:14:01,Now playing in a living room not too far far away — #RogueOne : A Star Wars Story on Shaw On Demand. pic.twitter.com/grQmhKEwAM
2017-04-04 08:47:00,We're glad you are enjoying it!
2017-04-04 07:39:09,Parental troubleshooting. #ProTip pic.twitter.com/EA5BW3Who4
2017-04-03 14:48:15,Enjoy the game! #BlueSkyTV https:// twitter.com/laurabridgman/ status/848991790468276224 …
2017-04-02 17:32:34,"Hey Rikki. Try some of the steps here, let me know if it clears up! http:// bit.ly/1cXS7Si ^LD"
2017-04-02 08:26:07,Amazing! :D @ShawDirect ^BE
2017-03-30 10:13:02,"And still, it was the best part of class. #TBT pic.twitter.com/uR1eMuQWYy"
2017-03-29 14:50:49,We’re thrilled to be recognized as one of Canada’s Best Diversity Employers for 2017! Learn More: http:// bit.ly/2o95Cw1 pic.twitter.com/sjmC4aQ0ml
2017-03-29 10:45:58,Enjoy the game!
2017-03-29 10:44:30,"We’re celebrating #Canada150 with #KidsUpFront by bringing 20,000 new Canadians to world class events http:// bit.ly/2nIKxI7 #Shaw150Wishes pic.twitter.com/QESQQLqIJV"
2017-03-29 10:03:09,"One day, friends. One day. pic.twitter.com/VzzIaGud1G"
2017-03-29 08:16:57,"Expecto good times! Watch the Harry Potter spin-off, #FantasticBeasts , now on Shaw On Demand. pic.twitter.com/HmeZrW1719"
2017-03-27 11:02:41,We are honoured to be included in Alberta's Top 100 employers for 2017. Learn more: http://www. canadastop100.com/alberta/ pic.twitter.com/kTNw6PjIGr
2017-03-23 08:50:02,#TBT to ICQ – home of the greatest notification sound ever. pic.twitter.com/eQn8JgZKr5
2017-03-22 11:43:02,#ProTip : always recycle your old tech. pic.twitter.com/OX3zaRw6l9
2017-03-22 09:43:04,We are glad you are enjoying #BlueSkyTV ! https:// twitter.com/LeftCoastJax/s tatus/844572095673655296 …
2017-03-21 12:38:46,The countdown is on! We’re proud to present the 105th #GreyCup Festival. Learn More: http:// bit.ly/2o1g4Sw pic.twitter.com/KdEnhd4A9y
2017-03-21 10:28:37,Hear from Amanda Hehr & Naomi LeBihan cofounders of @crujuice for advice on how to run successful retail operations. https:// youtu.be/b1N4H76-RTg
2017-03-21 08:42:05,You won’t be singing the blues after this one. Watch Sing now on Shaw On Demand. pic.twitter.com/Ucwf1DueCq
2017-03-20 13:04:40,Have you checked the couch cushions? pic.twitter.com/lEuMkOPeII
2017-03-20 09:50:07,"We had a great time volunteering at @TheAlexCHC , which brings people together to grow, cook, share & advocate for good food for all. pic.twitter.com/OMetVApglL"
2017-03-17 10:25:40,Enjoy!
2017-03-17 09:10:03,Just try not to sing it. pic.twitter.com/FD9fELSEeb
2017-03-16 12:40:52,Enjoy #MarchMadness ! #BlueSkyTV https:// twitter.com/styxxie44/stat us/842433894347546624 …
2017-03-16 09:09:02,We were always seascape kind of people. #TBT pic.twitter.com/yjRPmLxnFZ
2017-03-15 10:39:24,Hear from @andrewharris33 on how being a professional #CFL athlete has contributed to his success as an SMB owner. https://www. youtube.com/watch?v=GbAE4J OSToA&t=1s …
2017-03-15 10:25:14,Have you noticed accessibility barriers in your community? Apply for a @RickHansenFdn Barrier Buster grant today: https://www. rickhansen.com/access4all/App ly-for-A-Grant …
2017-03-15 09:40:08,Way to go! #WeAreShaw https:// twitter.com/VanHornSMC/sta tus/841983435333820417 …
2017-03-14 09:08:02,Fun fact: 32% of mom texts are very confusing. pic.twitter.com/3w8wvVqGFT
2017-03-13 11:24:24,"For #Canada150 , we’re helping @RickHansenFdn Access4All initiative break down barriers for people with disabilities. #Shaw150Wishes pic.twitter.com/Gb59Kd6sKo"
2017-03-12 16:15:38,Congratulations to @ahadwingolf on his first @PGATOUR win! #TeamShaw https:// twitter.com/ShawGolf/statu s/841049605710082052 …
2017-03-10 11:38:01,". @BoLeviMitchell Congratulations, Bo!"
2017-03-09 12:49:09,"Hear from @ChadOwens2 , on how being a professional #CFL athlete has contributed to his success as an SMB owner. https:// youtu.be/iJr6TFjswMw"
2017-03-09 12:15:02,"Phone on the right, keys on the left. There's a system. pic.twitter.com/IYgYmZpiTr"
2017-03-09 09:51:02,The struggle was real. #TBT pic.twitter.com/lHZmH5D1hL
2017-03-08 14:19:05,We’re pleased to share the great work of our partners @Skills_Canada . #IWD2017 https:// twitter.com/Skills_Canada/ status/839480213948022791 …
2017-03-08 11:15:05,When you get a friend request from your boss. pic.twitter.com/NgfcgVuy2E
2017-03-07 13:57:34,Congratulations to our 2016 @CFL Top Performers! We're proud to celebrate their achievements by making donations to their chosen charities. pic.twitter.com/zOUUADrZDV
2017-03-06 12:59:54,Hear from Amanda Hehr & Naomi LeBihan cofounders of @CruJuice for advice on how to run successful retail operations. http:// bit.ly/2mfa5LH pic.twitter.com/G5aOSMeFUZ
2017-03-06 08:30:01,We're glad you are enjoying #BlueSkyTV ! https:// twitter.com/rogerrhodes/st atus/837864978946260993 …
2017-03-02 10:27:29,You'll find it strangely entertaining. Don't miss #DoctorStrange now on Shaw On Demand. pic.twitter.com/AXEBFvw7AH
2017-03-02 10:24:02,Kids today will never know how good it felt. #TBT pic.twitter.com/J9Szbbb2ol
2017-03-02 09:22:11,"Thanks to your support, over 450 schools in Canada will benefit from bullying prevention programs. http:// bit.ly/2mPxxwx #PinkShirtPromise pic.twitter.com/AB2eT92Ka3"
2017-03-02 08:21:54,Enjoy!
2017-03-01 14:49:32,Game-changing technology. Mind-blowing features. The bar has been raised - sky high. #BlueSkyTV pic.twitter.com/11JI8XjpJz
2017-03-01 13:23:01,Fun Fact: you only see your phone in its natural state for about 5 minutes. pic.twitter.com/1IE3VsZpHq
2017-02-28 11:19:17,Unless you want a new least favourite song. pic.twitter.com/NHW3ByiAFH
2017-02-27 13:23:14,Enjoy #BlueSkyTV ! https:// twitter.com/Devhux/status/ 836281136418451456 …
2017-02-24 17:15:03,Go faster. Surf cheaper. Stream way smoother. #WideOpenInternet150 pic.twitter.com/vj7ZL4yRd6
2017-02-24 13:35:06,Hear from the cofounders of @CruJuice for advice on how to build a strong social media presence. #ShawBusiness pic.twitter.com/CQsyinKRk7
2017-02-24 11:45:06,Emoji Theatre Presents: The #Oscars pic.twitter.com/ikq5N8ZuFt
2017-02-24 08:30:56,Glad you are enjoying #FreeRangeTV ! https:// twitter.com/rebelsfan23/st atus/834949263561994240 …
2017-02-24 08:29:54,. @Devhux Enjoy #BlueSkyTV !
2017-02-23 16:32:12,Proof that kindness sticks. Thank you to everyone for making a #PinkShirtPromise to help end bullying. pic.twitter.com/3YwiWqRPxE
2017-02-22 20:46:32,Thanks for the support #TeamShaw @GrahamDeLaet ! #PinkShirtPromise https:// twitter.com/GrahamDeLaet/s tatus/834513251744497665 …
2017-02-22 19:15:02,Share your #PinkShirtPromise and Shaw will donate $1 to bullying prevention programs across Canada. Learn More: http:// bit.ly/PinkShirtPromi se … pic.twitter.com/f4aN5o0DML
2017-02-22 17:57:13,Way to go! #WeAreShaw
2017-02-22 17:45:02,Give your word you will be kind online. Share your #PinkShirtPromise today. pic.twitter.com/KYc5ddukTm
2017-02-22 16:51:12,Thanks for sharing your #PinkShirtPromise @MrDrewScott ! https:// twitter.com/MrDrewScott/st atus/834550968452739072 …
2017-02-22 16:40:29,Help us make kindness stick. Make your #PinkShirtPromise today. pic.twitter.com/PkxoWaUeTi
2017-02-22 16:35:04,Thanks for the support @Wassermanx ! #PinkShirtPromise https:// twitter.com/WassermanX/sta tus/834546333319065600 …
2017-02-22 16:31:50,Thanks for sharing your #PinkShirtPromise @HootsuiteLife https:// twitter.com/HootsuiteLife/ status/834545846146433024 …
2017-02-22 15:56:55,Thanks for sharing your #PinkShirtPromise @JohnRustadMLA https:// twitter.com/JohnRustadMLA/ status/834537048388182016 …
2017-02-22 15:46:44,Thanks for the support @WeAreTNBT! #PinkShirtPromise https:// twitter.com/WeAreTNBT/stat us/834440268380258308 …
2017-02-22 15:36:28,Thanks for sharing your #PinkShirtPromise @clubpenguin https:// twitter.com/clubpenguin/st atus/834531845874135040 …
2017-02-22 15:22:32,Thanks for the support @karinaleblanc ! #PinkShirtPromise https:// twitter.com/karinaleblanc/ status/834478796724072448 …
2017-02-22 14:58:53,Thanks for sharing your #PinkShirtPromise @WabKinew https:// twitter.com/WabKinew/statu s/834522218348548096 …
2017-02-22 14:54:24,Thanks for the support @BrandAlliance ! #PinkShirtPromise https:// twitter.com/BrandAlliance/ status/834521403185455104 …
2017-02-22 14:30:05,Share your #PinkShirtPromise and we will donate $1 to bullying prevention programs across Canada. Learn More: http:// bit.ly/PinkShirtPromi se … pic.twitter.com/DXEqgzIekP
2017-02-22 14:27:43,Thanks for the support @ndpcaucus ! #PinkShirtPromise https:// twitter.com/ndpcaucus/stat us/834514557267619840 …
2017-02-22 14:25:33,Thanks for the support @GrahamDeLaet ! #TeamShaw #PinkShirtPromise https:// twitter.com/GrahamDeLaet/s tatus/834513251744497665 …
2017-02-22 14:19:35,You all look great! Thanks for the support. #PinkShirtPromise https:// twitter.com/TwitterCanada/ status/834510547513131010 …
2017-02-22 14:18:52,@Drake will you make a #PinkShirtPromise ?
2017-02-22 14:02:07,Thanks for sharing your #PinkShirtPromise @Family_Channel ! https:// twitter.com/Family_Channel /status/834508316512497664 …
2017-02-22 14:00:10,Thanks for the support @TheWHL ! #PinkShirtPromise https:// twitter.com/TheWHL/status/ 834507359246356480 …
2017-02-22 13:45:44,Thanks for sharing your #PinkShirtPromise @HearnDavid ! #TeamShaw https:// twitter.com/HearnDavid/sta tus/834504396063006728 …
2017-02-22 13:40:41,Thanks for the support!
2017-02-22 13:33:14,Thanks for the support @CherylHickeyETC & @RCampanelliETC! #PinkShirtPromise https:// twitter.com/ETCanada/statu s/834500572980076544 …
2017-02-22 13:23:44,Thanks for the support @s_malcolmson ! #PinkShirtPromise https:// twitter.com/s_malcolmson/s tatus/834491896009367553 …
2017-02-22 13:23:28,Thanks for the support @CassieHawrysh ! #PinkShirtPromise https:// twitter.com/CassieHawrysh/ status/834491937029648384 …
2017-02-22 13:22:36,Thanks for sharing your #PinkShirtPromise @ahmaher ! https:// twitter.com/ahmaher/status /834493256276680704 …
2017-02-22 13:22:09,Thanks for sharing your #PinkShirtPromise @RonaAmbrose ! https:// twitter.com/RonaAmbrose/st atus/834493636414996481 …
2017-02-22 13:21:00,Thanks for the support!
2017-02-22 13:20:49,Thanks for the support! #PinkShirtPromise https:// twitter.com/tonystarkradio /status/834496161725743106 …
2017-02-22 13:20:02,Thanks for the support! #PinkShirtPromise .
2017-02-22 13:19:47,Great job!
2017-02-22 13:19:37,Way to go!
2017-02-22 13:19:23,Great job! #WeAreShaw
2017-02-22 13:18:40,"Thanks for the support, @PathwaysCanada ! #PinkShirtPromise https:// twitter.com/PathwaysCanada /status/834497025613955082 …"
2017-02-22 13:08:01,Great photo!
2017-02-22 13:07:33,Thanks for your support @TheAlexCHC ! https:// twitter.com/TheAlexCHC/sta tus/834494641797898240 …
2017-02-22 13:05:39,Thanks for the support @OpenMediaOrg ! #PinkShirtPromise https:// twitter.com/OpenMediaOrg/s tatus/834493575052271617 …
2017-02-22 13:05:20,Thanks for the support!
2017-02-22 13:05:08,#TeamShaw @BoLeviMitchell speaks to youth at Nelson Mandela High School on #PinkShirtDay . #PinkShirtPromise pic.twitter.com/MePSLQnE8G
2017-02-22 12:30:04,. @RedCrossCanada Beyond the Hurt program gives youth & adults the tools to take a stand & stop bullying before it starts. #PinkShirtPromise pic.twitter.com/hzWY7KD5gE
2017-02-22 12:26:54,Thanks for sharing your #PinkShirtPromise @ahadwingolf ! #TeamShaw https:// twitter.com/ahadwingolf/st atus/834483638314139654 …
2017-02-22 12:15:48,That's amazing! Way to go! #PinkShirtPromise https:// twitter.com/BoLeviMitchell /status/834481007382274049 …
2017-02-22 12:14:53,Thanks for the support @UnitedWayCgy ! #PinkShirtPromise https:// twitter.com/UnitedWayCgy/s tatus/834481446081351680 …
2017-02-22 11:53:42,Thanks for the support! #PinkShirtPromise
2017-02-22 11:53:24,Thanks for the support @Min_CliffCullen ! #PinkShirtPromise
2017-02-22 11:44:07,Thanks for the support! #PinkShirtPromise
2017-02-22 11:42:43,That's a great #PinkShirtPromise !
2017-02-22 11:42:30,Great photo! #PinkShirtPromise https:// twitter.com/ms_agriffin/st atus/834471060024070144 …
2017-02-22 11:42:19,Thanks for the support!
2017-02-22 11:41:43,Thanks for the support @invoker ! #PinkShirtPromise https:// twitter.com/invoker/status /834473109294084096 …
2017-02-22 11:22:44,Thanks for using our Snapchat filter @RealTurkeyLady ! #PinkShirtPromise
2017-02-22 11:22:22,Thanks for the support @NorthEdmKia !
2017-02-22 11:21:59,@BlueShoreNews Thanks for the support! #PinkShirtPromise
2017-02-22 11:20:51,Make a #PinkShirtPromise today and we will donate to bullying prevention programs across Canada. Learn More: http:// bit.ly/PinkShirtPromi se … pic.twitter.com/2xoiVAHKMz
2017-02-22 11:10:02,Thanks for the support @HelenaJaczek !
2017-02-22 11:09:42,Thanks for the support @kaitlynherbst16 ! #PinkShirtPromise https:// twitter.com/kaitlynherbst1 6/status/834464394700468224 …
2017-02-22 10:44:41,Thanks for the support! #PinkShirtPromise
2017-02-22 10:44:04,Way to go @InfernoCWHL ! #PinkShirtPromise https:// twitter.com/BoLeviMitchell /status/834450761635344384 …
2017-02-22 10:42:32,Thanks for the support @SteveMesler ! #PinkShirtPromise
2017-02-22 10:02:13,Thanks for your support @RMHSouthernAB ! #PinkShirtPromise https:// twitter.com/RMHSouthernAB/ status/834447714729545728 …
2017-02-22 10:00:49,Thanks for your support @megamouthmedia ! #PinkShirtPromise https:// twitter.com/megamouthmedia /status/834447261312524290 …
2017-02-22 09:59:22,Thanks for sharing your #PinkShirtPromise @Min_Squires https:// twitter.com/Min_Squires/st atus/834446658200969216 …
2017-02-22 09:58:31,Thanks for the support @LindaJeffrey ! #PinkShirtPromise https:// twitter.com/LindaJeffrey/s tatus/834446637762301954 …
2017-02-22 09:41:28,Thanks for the support @GregSelinger ! #PinkShirtPromise https:// twitter.com/GregSelinger/s tatus/834442673561989123 …
2017-02-22 09:40:08,Thanks for the support @PremierBradWall ! #PinkShirtPromise https:// twitter.com/PremierBradWal l/status/834442405432528896 …
2017-02-22 09:37:19,Thanks for the support @MitzieHunter ! #PinkShirtPromise https:// twitter.com/MitzieHunter/s tatus/834441754384461825 …
2017-02-22 09:29:06,Happy to have #TeamShaw @mannyshow84 on-site with us at our #PinkShirtPromise activation in #YVR ! pic.twitter.com/Mu7rdhQZ29
2017-02-22 09:28:22,Thanks for the support @nenshi ! #PinkShirtPromise https:// twitter.com/ShawTVCalgary/ status/834439563393191936 …
2017-02-22 09:25:59,Thanks for the support! @kidsportcalgary #PinkShirtPromise https:// twitter.com/kidsportcalgar y/status/834438776432648192 …
2017-02-22 09:24:19,Thanks for the support! #PinkShirtPromise
2017-02-22 09:21:48,Thanks for the support! @SurreyRCMP #PinkShirtPromise https:// twitter.com/SurreyRCMP/sta tus/834437673058201602 …
2017-02-22 09:11:32,Thanks for your support @jillianharris ! #PinkShirtPromise https:// twitter.com/jillianharris/ status/834434813901828098 …
2017-02-22 09:05:45,Thanks for sharing your #PinkShirtPromise ! @maddie_project https:// twitter.com/maddie_project /status/834433580843556869 …
2017-02-22 09:04:15,Thanks for our support @charlieclarkyxe #PinkShirtPromise ! https:// twitter.com/charlieclarkyx e/status/834433280518844416 …
2017-02-22 09:00:34,Thanks for your support @shesconnected #PinkShirtPromise ! https:// twitter.com/shesconnected/ status/834432199650844676 …
2017-02-22 08:58:40,Thanks for sharing your #PinkShirtPromise ! @toddstonebc https:// twitter.com/toddstonebc/st atus/834431953021440000 …
2017-02-22 08:29:04,Thanks for sharing your #PinkShirtPromise ! @AccessibleGC https:// twitter.com/AccessibleGC/s tatus/834423975170154497 …
2017-02-22 08:18:58,Thanks for sharing your #PinkShirtPromise ! @MinWorkDev https:// twitter.com/MinWorkDev/sta tus/834421802722086913 …
2017-02-22 08:14:13,Thanks for sharing your #PinkShirtPromise ! @K_Ludwig https:// twitter.com/K_Ludwig/statu s/834420680498241537 …
2017-02-22 08:11:59,"For #PinkShirtDay , we’ve opened up our #ShawGoWiFi Guest Access across all 80,000 hotspots so you can make your #PinkShirtPromise . pic.twitter.com/ZCDprB56yD"
2017-02-22 08:08:53,Thanks for your support! @CFL #PinkShirtPromise https:// twitter.com/CFL/status/834 419247153573889 …
2017-02-22 08:05:34,. @bifnaked Thanks for sharing your #PinkShirtPromise ! https:// twitter.com/bifnaked/statu s/834418241728606208 …
2017-02-22 07:51:13,Use our Snapchat filter today & we will donate $1 to bullying prevention programs across Canada. #PinkShirtPromise http:// bit.ly/PinkShirtPromi se … pic.twitter.com/4AWGqwQ359
2017-02-22 07:45:12,. @kaetlyn_23 Thanks for your support! #PinkShirtPromise ! https:// twitter.com/kaetlyn_23/sta tus/834413452860989440 …
2017-02-22 07:42:41,. @JohnTory Thanks for the support! #PinkShirtPromise ! https:// twitter.com/JohnTory/statu s/834410500012257282 …
2017-02-22 07:42:38,It's #PinkShirtDay ! Share your #PinkShirtPromise & Shaw will donate $1 to bullying prevention programs across Canada. http:// bit.ly/PinkShirtPromi se … pic.twitter.com/zI7McOgdpv
2017-02-22 07:39:33,@JimWatsonOttawa Thanks for sharing your #PinkShirtPromise ! https:// twitter.com/JimWatsonOttaw a/status/834411501964447745 …
2017-02-22 07:19:10,thanks for the support!
2017-02-21 14:25:56,Thanks for the support! #PinkShirtPromise
2017-02-21 13:09:37,. @skcac Thanks for the support!
2017-02-21 10:59:49,That's great! #PinkShirtPromise
2017-02-21 10:59:14,We love the umbrella! #PinkShirtPromise
2017-02-21 10:57:27,Way to go!
2017-02-21 10:56:51,Great photo!
2017-02-21 10:56:23,Thanks for the support!
2017-02-21 10:55:02,Thanks for the support!
2017-02-21 10:53:53,Way to go!
2017-02-21 10:33:08,The @witsprograms provide violence prevention programs to youth across the country to support positive & safe communities. #PinkShirtPromise pic.twitter.com/n4EHKSxnm2
2017-02-21 08:54:26,. @BoLeviMitchell Thanks for the support @BoLeviMitchell ! #TeamShaw
2017-02-21 08:33:58,Kindness looks good on everyone. Wear your pink shirt with pride tomorrow and post your #PinkShirtPromise to end bullying. pic.twitter.com/dLw7WxucRn
2017-02-20 08:44:01,"#FamilyDay means you win, your parents win, and the Internet wins. pic.twitter.com/QshxFwLwrk"
2017-02-18 15:03:18,. @mannyshow84 Thanks for the support! #TeamShaw #PinkShirtPromise
2017-02-18 15:01:50,Glad you are enjoying it!
2017-02-18 15:01:13,Great photo!
2017-02-18 14:58:11,#PinkShirtDay is days away! Have you made your #PinkShirtPromise yet? pic.twitter.com/0c5EVx9Szl
2017-02-17 14:47:01,Thanks for sharing your #PinkShirtPromise !
2017-02-17 14:46:22,Thanks for the support!
2017-02-17 14:46:13,Thanks for the support!
2017-02-17 14:46:03,Great photo!
2017-02-17 14:43:59,"Thanks for sharing your #PinkShirtPromise , @thepinkdeal ! https:// twitter.com/thepinkdeal/st atus/832681634042306562 …"
2017-02-17 14:43:20,Thanks for sharing your #PinkShirtPromise !
2017-02-17 14:43:11,Thanks for sharing your #PinkShirtPromise !
2017-02-17 14:42:38,. @NargesNirumvala Thanks for sharing your #PinkShirtPromise !
2017-02-17 14:41:26,Thanks for sharing your #PinkShirtPromise !
2017-02-17 14:40:47,. @DrewBarnesMLA Thanks for sharing your #PinkShirtPromise !
2017-02-17 14:39:50,Way to go!
2017-02-17 14:39:17,. @KGordonGlobalBC Thanks for making a #PinkShirtPromise !
2017-02-17 14:38:32,Thanks for the support! #PinkShirtPromise
2017-02-17 14:37:15,Great photo!
2017-02-16 14:40:45,Enjoy!
2017-02-16 14:37:46,Thanks for the support!
2017-02-16 14:37:27,The pink looks great!
2017-02-16 14:36:13,Thanks for the support!
2017-02-16 14:35:57,Thanks for supporting #PinkShirtPromise !
2017-02-16 14:35:40,Thanks for the support!
2017-02-16 14:35:27,Thanks for the support!
2017-02-16 14:35:17,Thanks for the support!
2017-02-16 14:34:17,Great photo!
2017-02-16 10:13:32,#TBT to the original touch screen. pic.twitter.com/sSQdXqNBYl
2017-02-16 10:12:06,#Arrival has arrived in your living room. Beam it up to your TV on Shaw On Demand. pic.twitter.com/z2GtiJheQS
2017-02-16 09:30:08,We are honoured to be selected as one of Canada’s Top Family-Friendly Employers for 2017. Learn more: http:// content.eluta.ca/top-employer-s haw … pic.twitter.com/nxW73wrMCi
2017-02-16 09:29:43,Share your #PinkShirtPromise & @shawinfo will donate $1 to bullying prevention programs across Canada. Learn More: http:// bit.ly/PinkShirtPromi se … pic.twitter.com/XOFAbfv4Wr
2017-02-16 09:27:04,. @Q107Toronto @Flairboy Thanks for the support! #PinkShirtPromise
2017-02-16 08:39:40,Thanks for the support!
2017-02-16 08:18:42,. @chrisgailus Thanks for sharing your #PinkShirtPromise !
2017-02-15 18:38:00,. @RedCrossCanada Beyond the Hurt program gives youth & adults the tools to take a stand & stop bullying before it starts. #PinkShirtPromise pic.twitter.com/9jEWsazzTx
2017-02-15 18:28:00,Give your word you will be kind online. Share your #PinkShirtPromise . pic.twitter.com/2H05I7kyO6
2017-02-15 10:06:43,"When the going gets tough, the tough get glitter. Don’t miss Trolls on Shaw On Demand. pic.twitter.com/DEYdcnFGO7"
2017-02-15 10:03:57,Thanks for sharing your #PinkShirtPromise !
2017-02-15 09:40:00,Thanks for sharing your #PinkShirtPromise !
2017-02-15 09:39:01,You're welcome!
2017-02-15 08:10:10,Great photo!
2017-02-14 15:10:13,Thanks for sharing your #PinkShirtPromise !
2017-02-14 15:07:21,Thanks for the support!
2017-02-14 15:07:02,Thanks for sharing your #PinkShirtPromise !
2017-02-14 15:06:52,Thanks for sharing your #PinkShirtPromise !
2017-02-14 11:45:02,"Did you know pulling the power can fix many Internet, TV or Phone technical issues? Learn more: http://www. shaw.ca/pullthepower pic.twitter.com/IKZ8rFNIfZ"
2017-02-14 11:36:21,Thanks for sharing your #PinkShirtPromise @BladesHockey ! https:// twitter.com/ShawTVSaskatoo n/status/831562431168065536 …
2017-02-14 11:33:58,When a bundle of chocolate leads to a bundle of joy. pic.twitter.com/6qFYGYRxiE
2017-02-14 08:32:44,Thanks for sharing your #PinkShirtPromise !
2017-02-14 08:32:27,Thanks for sharing your #PinkShirtPromise !
2017-02-14 08:32:14,Thanks for sharing your #PinkShirtPromise !
2017-02-14 08:31:49,Thanks for sharing your #PinkShirtPromise !
2017-02-14 08:31:37,Thanks for sharing your #PinkShirtPromise !
2017-02-14 08:31:00,Thanks for sharing your #PinkShirtPromise !
2017-02-14 08:29:31,Thanks for sharing your #PinkShirtPromise !
2017-02-14 08:29:23,Thanks for sharing your #PinkShirtPromise !
2017-02-14 08:29:16,Thanks for sharing your #PinkShirtPromise !
2017-02-14 08:29:01,Thanks for sharing your #PinkShirtPromise !
2017-02-14 08:28:56,Thanks for the support!
2017-02-14 08:28:44,If you find one show us!
2017-02-14 08:28:02,Thanks for the support!
2017-02-14 08:27:51,Thanks for sharing your #PinkShirtPromise !
2017-02-14 08:13:14,Share your #PinkShirtPromise & @shawinfo will donate $1 to bullying prevention programs across Canada. Learn More: http:// bit.ly/PinkShirtPromi se … pic.twitter.com/GZceF6FLBD
2017-02-13 11:15:33,Thanks for the support!
2017-02-13 11:15:17,Great photo!
2017-02-13 11:13:05,Thanks for sharing your #PinkShirtPromise !
2017-02-13 11:12:31,Thanks for the support!
2017-02-13 11:11:10,Thanks for the support!
2017-02-13 11:11:00,Thanks for the support!
2017-02-13 09:51:47,Thanks for the support!
2017-02-13 09:33:00,Thanks for sharing your #PinkShirtPromise @CherylHickeyETC ! https:// twitter.com/CherylHickeyET C/status/830595088862629888 …
2017-02-13 08:35:00,Share your #PinkShirtPromise & @shawinfo will donate $1 to bullying prevention programs across Canada. Learn More: http:// bit.ly/PinkShirtPromi se … pic.twitter.com/wuslB736ya
2017-02-11 12:46:04,"They’re making history on Feb 11. Watch the first ever UFC Women’s Featherweight Championship, Holm vs. de Randamie, live on PPV. #UFC208 pic.twitter.com/DrfxNv510e"
2017-02-11 10:45:02,Unless you want a new least favourite song. pic.twitter.com/RSahkEkHV0
2017-02-10 15:15:08,. @redcrosscanada has great tips and resources for parents on preventing bullying. Learn More: http:// bit.ly/PinkShirtPromi se … #PinkShirtPromise pic.twitter.com/HKaVg3z257
2017-02-10 14:29:38,Great work!
2017-02-10 12:44:19,Thanks for sharing your #PinkShirtPromise !
2017-02-10 12:44:08,Thanks for sharing your #PinkShirtPromise !
2017-02-10 12:43:58,Thanks for the support!
2017-02-10 12:43:45,Thanks for sharing your #PinkShirtPromise !
2017-02-10 12:43:37,Thanks for sharing your #PinkShirtPromise !
2017-02-10 12:43:26,Thanks for sharing your #PinkShirtPromise !
2017-02-10 12:43:19,Thanks for sharing your #PinkShirtPromise !
2017-02-10 12:43:09,Thanks for sharing your #PinkShirtPromise !
2017-02-10 12:42:57,Thanks for sharing your #PinkShirtPromise !
2017-02-10 12:36:56,There’s no replacement for the real thing. pic.twitter.com/YmJefZDkag
2017-02-10 08:16:14,It's a message worth spreading. What's your #PinkShirtPromise ? pic.twitter.com/akgcdl64VP
2017-02-09 14:33:04,Thanks for sharing your #PinkShirtPromise !
2017-02-09 13:36:32,Thanks for the support!
2017-02-09 10:48:11,Thanks for the support!
2017-02-09 10:29:12,Share your #PinkShirtPromise & @shawinfo will donate $1 to bullying prevention programs across Canada. Learn More: http:// bit.ly/PinkShirtPromi se … pic.twitter.com/lNJNNxTR0M
2017-02-09 09:59:11,Thanks for sharing your #PinkShirtPromise !
2017-02-09 09:58:50,Thanks for sharing your #PinkShirtPromise !
2017-02-09 09:58:39,Thanks for sharing your #PinkShirtPromise !
2017-02-09 09:58:10,.@RCampanelliETC Thanks for sharing your #PinkShirtPromise !
2017-02-09 09:57:47,Thanks for sharing your #PinkShirtPromise !
2017-02-09 09:55:58,Thanks for sharing your #PinkShirtPromise !
2017-02-09 09:55:48,Thanks for sharing your #PinkShirtPromise !
2017-02-09 09:55:42,Thanks for sharing your #PinkShirtPromise !
2017-02-09 09:55:35,Thanks for sharing your #PinkShirtPromise !
2017-02-09 09:55:29,Thanks for sharing your #PinkShirtPromise !
2017-02-09 09:55:24,Thanks for sharing your #PinkShirtPromise !
2017-02-09 09:55:15,Thanks for sharing your #PinkShirtPromise !
2017-02-09 08:30:24,"Thanks for sharing your #PinkShirtPromise , @vancanadians ! https:// twitter.com/vancanadians/s tatus/829456084217663488 …"
2017-02-07 14:36:11,Thanks for sharing! #PinkShirtPromise
2017-02-07 13:08:10,We #PinkShirtPromise to help kids stay safe online. Check out 'Zoe & Molly Online' for resources: http:// bit.ly/PinkShirtPromi se … #SaferInternetDay pic.twitter.com/6LwfKCa5SH
2017-02-07 10:20:27,Thanks for sharing your #PinkShirtPromise !
2017-02-07 09:29:22,Thanks for sharing your #PinkShirtPromise !
2017-02-07 09:07:12,We're glad you are enjoying it! https:// twitter.com/modern_mama/st atus/828998316125933569 …
2017-02-07 08:54:09,Help us make kindness stick. Make your #PinkShirtPromise today. #SaferInternetDay pic.twitter.com/ALwsuXEpgw
2017-02-07 08:28:50,. @tamara_sd_ Thanks for sharing your #PinkShirtPromise !
2017-02-07 08:28:14,Thanks for sharing your #PinkShirtPromise !
2017-02-07 08:26:49,Thanks for sharing your #PinkShirtPromise ! https:// twitter.com/michelle373737 /status/828796193123758080 …
2017-02-06 16:06:32,That's amazing. Thank you!
2017-02-06 16:04:26,Thanks for sharing your #PinkShirtPromise !
2017-02-06 16:04:14,Thanks for sharing your #PinkShirtPromise !
2017-02-06 16:04:07,Thanks for sharing your #PinkShirtPromise !
2017-02-06 16:04:01,Thanks for sharing your #PinkShirtPromise !
2017-02-06 16:02:19,Enjoy #BlueSkyTV ! https:// twitter.com/Vancouverscape /status/828730593034776576 …
2017-02-06 11:13:18,Thanks for the kind words!
2017-02-06 11:13:00,Thanks for sharing your #PinkShirtPromise !
2017-02-06 11:12:48,Thanks for sharing your #PinkShirtPromise !
2017-02-06 11:12:39,Thanks for sharing your #PinkShirtPromise !
2017-02-06 11:12:30,Thanks for sharing your #PinkShirtPromise !
2017-02-06 11:12:26,Thanks for sharing your #PinkShirtPromise !
2017-02-06 11:12:20,Thanks for sharing your #PinkShirtPromise !
2017-02-06 11:12:10,Thanks for sharing your #PinkShirtPromise !
2017-02-06 11:12:04,Thanks for sharing your #PinkShirtPromise !
2017-02-06 11:11:51,Thanks for sharing your #PinkShirtPromise !
2017-02-06 11:11:42,Thanks for sharing your #PinkShirtPromise !
2017-02-06 11:11:37,Thanks for sharing your #PinkShirtPromise !
2017-02-06 11:11:24,Thanks for sharing your #PinkShirtPromise !
2017-02-06 11:11:06,Thanks for sharing your #PinkShirtPromise !
2017-02-06 11:10:56,Thanks for sharing your #PinkShirtPromise !
2017-02-06 11:10:45,Thanks for sharing your #PinkShirtPromise !
2017-02-06 11:10:38,Thanks for sharing your #PinkShirtPromise !
2017-02-06 11:10:22,Thanks for sharing your #PinkShirtPromise !
2017-02-06 11:10:17,Thanks for sharing your #PinkShirtPromise !
2017-02-06 11:10:07,Thanks for sharing your #PinkShirtPromise !
2017-02-06 11:09:56,Thanks for sharing your #PinkShirtPromise !
2017-02-06 11:09:48,Thanks for sharing your #PinkShirtPromise !
2017-02-06 11:09:40,Thanks for sharing your #PinkShirtPromise !
2017-02-06 11:09:37,Thanks for sharing your #PinkShirtPromise !
2017-02-06 11:09:11,Thanks for sharing your #PinkShirtPromise !
2017-02-06 11:08:57,Thanks for sharing your #PinkShirtPromise !
2017-02-06 11:08:51,Thanks for sharing your #PinkShirtPromise !
2017-02-06 11:08:47,Thanks for sharing your #PinkShirtPromise !
2017-02-06 11:08:42,Thanks for sharing your #PinkShirtPromise !
2017-02-06 11:08:32,Thanks for sharing your #PinkShirtPromise !
2017-02-06 11:08:23,Thanks for the kind words!
2017-02-06 11:08:15,Thanks for sharing your #PinkShirtPromise !
2017-02-06 11:08:09,Thanks for sharing your #PinkShirtPromise !
2017-02-06 11:07:58,Thanks for sharing your #PinkShirtPromise !
2017-02-06 11:07:52,Thanks for sharing your #PinkShirtPromise !
2017-02-06 11:07:44,Thanks for sharing your #PinkShirtPromise !
2017-02-06 11:07:32,Thanks for sharing your #PinkShirtPromise !
2017-02-06 11:07:26,Thanks for sharing your #PinkShirtPromise !
2017-02-06 11:07:18,Thanks for sharing your #PinkShirtPromise !
2017-02-06 11:07:12,Thanks for sharing your #PinkShirtPromise !
2017-02-06 11:07:04,Thanks for sharing your #PinkShirtPromise !
2017-02-06 11:06:57,Thanks for sharing your #PinkShirtPromise !
2017-02-06 11:06:50,Thanks for sharing your #PinkShirtPromise !
2017-02-06 11:06:34,Thanks for sharing your #PinkShirtPromise @BGCyvr ! https:// twitter.com/BGCyvr/status/ 828635739004997632 …
2017-02-06 10:12:29,Share your #PinkShirtPromise & @shawinfo will donate $1 to bullying prevention programs across Canada. Learn More: http:// bit.ly/1Xg6jMl pic.twitter.com/N6z6MSV80a
2017-02-06 10:05:46,Shaw announces national partnership with @redcrosscanada & kicks off #PinkShirtPromise campaign to end bullying. http:// bit.ly/2ke6kD
2017-02-03 14:17:42,This movie is a lot more action packed than it sounds. #TheAccountant is on Shaw On Demand. pic.twitter.com/YXX1D1T6Xo
2017-02-01 11:16:02,Auto-correct: turning misspellings into misspeaking. pic.twitter.com/5IztyNmnSc
2017-02-01 08:37:03,Say it. See it. Love it. #BlueSkyTV is now available in Vancouver and surrounding areas. Learn More: http:// bit.ly/2jXEjC1 pic.twitter.com/w4RGnBoe6D
2017-01-29 11:15:01,"Climb aboard the fast, cheap Internet express. #WideOpenInternet150 Learn More: http:// bit.ly/2k4zs2A pic.twitter.com/ltXEFbz0i6"
2017-01-27 15:15:04,"Save some green with fast, cheap Internet. #WideOpenInternet150 Learn More: http:// bit.ly/2k4zs2A pic.twitter.com/zbZM027l2s"
2017-01-27 14:23:59,#ProTip – Choose your emojis carefully. pic.twitter.com/15mRtIaLe0
2017-01-27 07:55:01,We are proud to support @RMHCNA and the great impact they make in the communities they reside in. #TeamShaw pic.twitter.com/SxgAkEBjpG
2017-01-26 12:35:02,Who grouped these things? pic.twitter.com/IBKApz4GLh
2017-01-26 10:45:08,We're proud to support the Giving Team at @RMHSouthernAB by matching donations raised by kids in 2017 http:// bit.ly/2kobFvf #Shaw150wishes pic.twitter.com/jZhONfhEW9
2017-01-25 15:38:28,Starting a conversation is the first step towards eliminating the stigma. Let's keep talking. #BellLetsTalk
2017-01-25 14:11:27,Double diamond speed. Bunny hill budget. #WideOpenInternet150 Learn More: http:// bit.ly/2k4zs2A pic.twitter.com/e1cIUp2h4H
2017-01-20 09:25:14,That moment when you’re not sure if your battery has died... pic.twitter.com/kK4otXgAEb
2017-01-20 08:05:01,We're glad you enjoy it! #BlueSkyTV https:// twitter.com/leepalisoc/sta tus/822299514983751680 …
2017-01-19 13:44:04,We're proud to support @NBS_ENB #SharingDance to help get kids moving by bringing dance into classrooms for #Canada150 . #Shaw150Wishes pic.twitter.com/uPhN3hAVtA
2017-01-19 08:42:02,"Before there was Facebook, this was the best way to waste time on a computer. #TBT pic.twitter.com/weVM2jHIQX"
2017-01-17 08:59:47,"We’re excited to partner with @Perimeter to bring the Power of Ideas Tour to 100,000 kids in 60 communities across Canada. #Shaw150Wishes pic.twitter.com/1FHqQjnxLP"
2017-01-13 13:51:18,Thank you to all our charitable partners that welcomed #TeamShaw over the holiday season for our employee-led Season of Warmth campaign! pic.twitter.com/9dVwVfr9H1
2017-01-13 10:52:03,Catch @mark_wahlberg in #DeepwaterHorizon . Now on Shaw On Demand. pic.twitter.com/hJk6qfts3U
2017-01-12 10:15:56,"Those poor, sweet, forgotten Neopets... #TBT pic.twitter.com/XcQvSpo8aq"
2017-01-11 15:51:15,When your cable will only charge in ONE position. pic.twitter.com/jvUJLQUkiH
2017-01-11 12:22:52,"#BlueSkyTV is the best thing to happen to your TV since colour, and it’s available from Shaw today. Learn More: http:// bit.ly/2ih3iw9"
2017-01-10 11:45:02,Marketing your business on a small budget? Learn tips from another successful small business owner @JellyMarketing : http:// bit.ly/2jziIRe pic.twitter.com/VijNAOHnwI
2017-01-06 15:31:03,It’s time to get moving with the @ParticipACTION #150PlayList ! Visit http://www. participACTION.com/150 to sign up & win great prizes. #Shaw150Wishes
2017-01-06 09:45:45,We're proud to partner with @ParticipACTION #150PlayList to help get Canada moving for #Canada150 . http:// bit.ly/shawcanada150 #Shaw150Wishes pic.twitter.com/FHJ251OnmM
2017-01-05 11:08:27,#TBT to 2016. pic.twitter.com/E4uKzYT254
2017-01-04 13:28:50,Want to elevate your marketing using customer data? Learn how this is possible with a managed WiFi solution: http:// bit.ly/2i6iWPg pic.twitter.com/1NIPJsJkhI
2017-01-03 15:34:54,#TeamShaw spread some holiday cheer at CFAX Santa’s Anonymous as part of our employee-led Season of Warmth campaign. pic.twitter.com/OXIdJ95wOz
2017-01-02 11:50:01,Emoji Theatre Presents: resolutions pic.twitter.com/8miX1VwWiM
2017-01-01 09:49:01,Emoji Theatre Presents: resolutions pic.twitter.com/ahI6FsphD9
2016-12-31 20:41:48,Hey there! Sry about that. Please get in touch with Shaw Direct http://www. shawdirect.ca/english/contac t-us/ … ^BE
2016-12-30 13:00:15,#ProTip pic.twitter.com/dHxY1INNz1
2016-12-29 17:15:02,Looking for advice to grow your business? Check out our Resource Library: http:// bit.ly/2ii6MlN pic.twitter.com/yruPewEWFh
2016-12-29 11:25:04,Rejected holiday channel ideas: “The Soothing Snowblower Channel.” It’s almost as comforting as the @shawfirelog . pic.twitter.com/JPC64jymNF
2016-12-28 13:15:02,"Rejected holiday channel ideas: “The Perpetual Shovelling Channel.” Luckily, we settled on the @shawfirelog . pic.twitter.com/i3siVED1Bw"
2016-12-28 11:15:02,#EmojiArtHistory presents: Pokermoji pic.twitter.com/wT9pdmEtpb
2016-12-26 11:00:16,"Learn how to set up your email, #FreeRangeTV & Shaw Go WiFi on your new device: http:// bit.ly/2h3mTT6 pic.twitter.com/lXjm9X4RiW"
2016-12-25 13:00:08,"Got a new device for the holidays? Learn how to set up your email, Shaw Go WiFi, #FreeRangeTV & more: http:// bit.ly/2h3mTT6 pic.twitter.com/o9Uj4ilOmI"
2016-12-23 10:42:33,Stay warm!
2016-12-22 12:09:06,#TeamShaw had a great time volunteering at @innfromthecold as part of our employee-led Season of Warmth campaign. pic.twitter.com/O8Xe8phziC
2016-12-22 11:36:32,#TBT to when people wore ugly sweaters just because they’re warm. pic.twitter.com/hMJe4CwglE
2016-12-22 10:58:53,"Hey Christi, Please send an email to Victoria.carnaghan@sjrb.ca to coordinate prizing. Congrats again!"
2016-12-20 20:13:58,Hi Christi! :) Please send us a direct message and we'll provide more details. Congrats again! ^BE
2016-12-19 12:59:39,"@phenbellen Congratulations, you have been selected as a winner of our #ShawFireLog contest. Please send us a DM."
2016-12-19 12:58:53,Thanks Dana. Could you please send us a Direct Message and we can coordinate prizing. Thanks!
2016-12-19 11:15:04,"If the emoji tree falls over, it was the cat. It’s always the cat. pic.twitter.com/XezUxOev8n"
2016-12-19 09:56:08,"@ChristiC2016 Congratulations, you've been selected as a winner of our #ShawFireLog contest! Please send us a DM."
2016-12-19 09:55:14,"@Cannuck36 Congratulations, you've been selected as a winner of our #ShawFireLog contest! Please send us a DM."
2016-12-19 09:55:00,"@Tasicat1 Congratulations, you've been selected as a winner of our #ShawFireLog contest! Please send us a DM."
2016-12-19 09:54:45,"@jesterphox Congratulations, you've been selected as a winner of our #ShawFireLog contest! Please send us a DM."
2016-12-16 11:45:02,Remember to remember your password. pic.twitter.com/1px2Nbwuvb
2016-12-15 20:55:42,"Hey what's going on with your wifi? Is it slow, or dropping offline? ^EL"
2016-12-15 15:22:31,#TeamShaw hosted a community giveback in Costa Rica where they provided school supplies and new soccer shoes to local children. pic.twitter.com/m8Ztu9faYo
2016-12-15 09:02:02,#TBT to when you only had one chance at your holiday photo. pic.twitter.com/oZJM8WeAcq
2016-12-15 08:11:46,Enjoy!
2016-12-14 11:49:01,#TeamShaw had a great time cooking up a delicious meal at @RMHBC as part of our employee-led Season Of Warmth campaign. pic.twitter.com/rIi6eAaCU0
2016-12-14 10:26:53,What do you love about Canada? We're granting 150 wishes to help people and charities making a difference for kids. #Canada150 pic.twitter.com/70mDX5l0Ue
2016-12-14 00:15:01,You can still remember your childhood friend’s home number. pic.twitter.com/Jq5UKnOF5R
2016-12-13 17:57:02,Strange kids are doing strange things and it's strangely entertaining in #MissPeregrine 's Home for Peculiar Children. #StayPeculiar pic.twitter.com/D4fPlTRJzI
2016-12-13 11:15:06,Being bad has never looked so good. Watch #SuicideSquad on Shaw On Demand. pic.twitter.com/ke19pVvbhQ
2016-12-13 10:35:36,"SmartWiFi from Shaw Business helps you make smarter decisions to help increase sales, sharpen your marketing, and build brand loyalty. pic.twitter.com/t1ZeVdMYPq"
2016-12-10 12:32:30,. @mobi_bikes will give Vancouverites the ability to get around in a modern and eco-friendly way. #MobiShawGo pic.twitter.com/vhGlUgX5DZ
2016-12-09 11:45:03,The future of proposals. pic.twitter.com/pwcaRok56T
2016-12-08 15:15:06,Looking to use social media for your #smallbusiness ? Learn some social media tips from @JellyMarketing . Learn More: http:// bit.ly/2hhUKsB pic.twitter.com/wGvobFjc33
2016-12-08 10:24:02,#TBT pic.twitter.com/MZmt6rMwp9
2016-12-06 18:22:06,"#JasonBourne is back, and on Shaw On Demand. pic.twitter.com/EzZzKyPAl9"
2016-12-06 17:21:32,#MobiShawGo will provide Vancouverites with a seamless and convenient way to enjoy the city. Details: http:// bit.ly/mobishaw pic.twitter.com/2aHihDdx8C
2016-12-06 16:37:03,#TeamShaw had a great time volunteering at the @mustardseedyyc last week. pic.twitter.com/SEzHgqh3xK
2016-12-06 14:18:22,We're pleased to partner with @cityofvancouver & @mobi_bikes to present Mobi by Shaw Go. Details: http:// bit.ly/mobishaw pic.twitter.com/K9mnuwG5Gj
2016-12-06 11:45:02,FACT: Voice messages are fast becoming the new pocket dial. pic.twitter.com/hxRmp8Adod
2016-12-05 10:26:05,What do you love about Canada? We're granting 150 wishes to help people and charities making a difference for kids. #Canada150 pic.twitter.com/IC0VgOmgji
2016-12-02 12:15:02,#ProTip @ShawFireLog pic.twitter.com/2nvnNttZEM
2016-12-01 10:26:02,#TBT to 70s cars. pic.twitter.com/EVq1QdaDyk
2016-12-01 09:57:06,This film will take your breath away. Watch #DontBreathe on Shaw On Demand. pic.twitter.com/K1P5qHPZEZ
2016-11-30 12:05:03,Smartphones have ruined all the fun. pic.twitter.com/3JsKoU0jbG
2016-11-29 14:32:02,Congratulations to #TeamShaw @HenryBurris who was named #GreyCup MVP! @johanyjutras pic.twitter.com/ijIF1DuY9N
2016-11-27 10:09:19,We're proud to present the 104th #GreyCup pic.twitter.com/XeAsikNccB
2016-11-27 07:50:04,Have you used our Snapchat filter yet? Tweet it to @shaw_CFL with #GreyCup & you could win! Rules: http:// bit.ly/2gLOwku pic.twitter.com/gmfQho8QEN
2016-11-26 11:39:03,"Watch the 104th #GreyCup , presented by Shaw. pic.twitter.com/hHXSsY4dT6"
2016-11-26 11:03:14,"Hey Jaymon, when was that installed? Follow & DM us your address, glad to look into it. ^DH"
2016-11-24 20:10:57,Congratulations @BoLeviMitchell ! #CFLAwards https:// twitter.com/Shaw_CFL/statu s/801986013564456960 …
2016-11-24 14:05:20,Congratulations! #ShawRocketPrize https:// twitter.com/RocketFund/sta tus/801606158016512000 …
2016-11-24 11:45:03,#TBT to the mystery doodle. Everybody did it. Nobody knows why. pic.twitter.com/B42EvOA0MM
2016-11-23 11:33:06,Earbud sorcery. Don't even try to fight it. pic.twitter.com/gPCEhI8cmV
2016-11-22 11:30:05,Super cuddly “fact”. You just can’t compete with Professor Snuggles’ fuzzy charisma. pic.twitter.com/185W18Xsqg
2016-11-20 18:13:49,Best of luck to both teams at the #GreyCup ! https:// twitter.com/Shaw_CFL/statu s/800496758119800832 …
2016-11-18 10:10:14,It's not worth the struggle. pic.twitter.com/dzhy28mW0E
2016-11-18 00:11:01,"Save some green with fast, cheap Internet. pic.twitter.com/ge14VAdqp5"
2016-11-17 20:41:49,Sorry to hear you're having issues w/ your internet Dennis! Let us know if we can help with anything at all ^BE
2016-11-16 09:31:02,"Just keep streaming, just keep streaming. Watch #FindingDory now on Shaw On Demand. pic.twitter.com/0EgtVlucWl"
2016-11-16 08:30:04,Fast Internet that's also cheap? BOOM pic.twitter.com/CLduemhahr
2016-11-16 08:13:38,@ChantalLaPlant3 Good Morning Chantal! Would you please DM us when you get a chance?
2016-11-15 11:15:03,#ProTip : Build tension by quick firing messages word by word. pic.twitter.com/s5jfL2wv2X
2016-11-14 11:45:01,"Climb aboard the fast, cheap Internet express. pic.twitter.com/X4JvWGNlC8"
2016-11-13 11:09:44,"Hi Becky, we're seeing that the Packers game should be on 341 this morning ^EL"
2016-11-12 18:50:02,Don't miss a minute of the action with a free preview of the @TSN_Sports Network for Shaw customers. pic.twitter.com/wbLG2H60cL
2016-11-12 16:52:20,"@Middy115 Hey Jonathan, the parade should come on once the game is done. The game is just running a bit late at this time ^EL"
2016-11-12 11:15:02,Only a few days left to decide the winners of the #ShawRocketPrize ! Voted today at http:// rocketprizekids.ca / pic.twitter.com/Lmk2tEvERn
2016-11-11 18:18:05,"That's definitely not from us! Beware, phishing! http:// bit.ly/17WFeDG Please do not follow the phishing instructions. :) ^BE"
2016-11-11 09:30:07,"Today, with great pride, we remember all the men and women who have served our country. #LestWeForget pic.twitter.com/8X1M8ZKK4q"
2016-11-10 11:45:04,#EmojiArtHistory presents: “Pointillismoji” pic.twitter.com/XNEPFInxUn
2016-11-09 16:19:42,Olympic bronze medalist @UnderdogAK talks about his upcoming mentorship for Surrey @ClassroomChamps . pic.twitter.com/51sli09LXe
2016-11-09 11:35:04,"""Fact"" pic.twitter.com/JccFbNGdE5"
2016-11-08 11:15:03,Can our thumbs really be trusted? pic.twitter.com/PaEVGIjXJ3
2016-11-07 11:45:02,"To celebrate #Canada150 , we're granting 150 wishes to honour extraordinary people and charities making a difference for Canadian youth. pic.twitter.com/4ik6PMNIdr"
2016-11-04 15:15:03,The @RocketFund is calling on all Canadian kids to decide the winners of the 2016 #ShawRocketPrize ! Vote today at http:// rocketprizekids.ca / pic.twitter.com/zZqWeEKLaE
2016-11-04 11:35:03,The future of emergency services. pic.twitter.com/Rpkb8xKMWW
2016-11-03 11:30:06,#TBT to before smartphones when we had to keep our thumbs fit in other ways. pic.twitter.com/0uBnxjaxg4
2016-11-02 11:15:02,Every text can officially be a PAR-TAY. pic.twitter.com/NoYS0VOTDz
2016-11-01 19:15:06,. @ShawTVSaskatoon @wdmtweets Way to go #TeamShaw !
2016-11-01 15:32:55,It's #MedLitWeek and we're proud to partner with @MediaSmarts to provide post-secondary students with tips on navigating an online life. https:// twitter.com/MediaSmarts/st atus/793513517127200768 …
2016-11-01 11:30:04,Need a timeout? Watch #BadMoms on Shaw On Demand. pic.twitter.com/NGXL3LzQym
